{
  "0": {
    "rect": {
      "x": 19.07612,
      "y": 273.0761,
      "w": 72.89713,
      "h": 88.91097
    },
    "offset": {
      "x": 4.4753146,
      "y": -35.4316
    },
    "pivot": {
      "x": 0.5613922,
      "y": 0.101493545
    }
  },
  "1": {
    "rect": {
      "x": 139.07613,
      "y": 273.0761,
      "w": 66.86625,
      "h": 88.91097
    },
    "offset": {
      "x": 7.490749,
      "y": -35.4316
    },
    "pivot": {
      "x": 0.61202586,
      "y": 0.101493545
    }
  },
  "2": {
    "rect": {
      "x": 259.0761,
      "y": 273.0761,
      "w": 92.84776,
      "h": 88.91097
    },
    "offset": {
      "x": -5.499993,
      "y": -35.4316
    },
    "pivot": {
      "x": 0.44076332,
      "y": 0.101493545
    }
  },
  "3": {
    "rect": {
      "x": 395.0761,
      "y": 271.0761,
      "w": 59.89713,
      "h": 94.84776
    },
    "offset": {
      "x": -5.024675,
      "y": -36.39999
    },
    "pivot": {
      "x": 0.4161116,
      "y": 0.116227195
    }
  },
  "4": {
    "rect": {
      "x": 500.0761,
      "y": 271.05133,
      "w": 74.89713,
      "h": 114.87257
    },
    "offset": {
      "x": 2.4753234,
      "y": -46.38761
    },
    "pivot": {
      "x": 0.53304964,
      "y": 0.096181974
    }
  },
  "5": {
    "rect": {
      "x": 620.0761,
      "y": 271.05133,
      "w": 74.89713,
      "h": 114.87257
    },
    "offset": {
      "x": 2.4753234,
      "y": -46.38761
    },
    "pivot": {
      "x": 0.53304964,
      "y": 0.096181974
    }
  },
  "6": {
    "rect": {
      "x": 18.07612,
      "y": 144.02675,
      "w": 70.89713,
      "h": 87.96034
    },
    "offset": {
      "x": 6.4753137,
      "y": -35.906918
    },
    "pivot": {
      "x": 0.5913339,
      "y": 0.09178286
    }
  },
  "7": {
    "rect": {
      "x": 138.07613,
      "y": 144.02675,
      "w": 64.86625,
      "h": 87.96034
    },
    "offset": {
      "x": 9.490749,
      "y": -35.906918
    },
    "pivot": {
      "x": 0.6463126,
      "y": 0.09178286
    }
  },
  "8": {
    "rect": {
      "x": 258.0761,
      "y": 144.02675,
      "w": 90.84776,
      "h": 87.96034
    },
    "offset": {
      "x": -3.4999926,
      "y": -35.906918
    },
    "pivot": {
      "x": 0.4614741,
      "y": 0.09178286
    }
  },
  "9": {
    "rect": {
      "x": 393.0761,
      "y": 141.07613,
      "w": 58.87486,
      "h": 94.84776
    },
    "offset": {
      "x": -2.5135403,
      "y": -36.40001
    },
    "pivot": {
      "x": 0.45730707,
      "y": 0.11622704
    }
  },
  "10": {
    "rect": {
      "x": 497.0761,
      "y": 141.02675,
      "w": 74.87425,
      "h": 114.89713
    },
    "offset": {
      "x": 5.486761,
      "y": -46.375317
    },
    "pivot": {
      "x": 0.5732797,
      "y": 0.09637535
    }
  },
  "11": {
    "rect": {
      "x": 617.0761,
      "y": 141.02675,
      "w": 74.87425,
      "h": 114.89713
    },
    "offset": {
      "x": 5.486761,
      "y": -46.375317
    },
    "pivot": {
      "x": 0.5732797,
      "y": 0.09637535
    }
  },
  "12": {
    "rect": {
      "x": 28.02675,
      "y": 13.07612,
      "w": 72.89713,
      "h": 88.84776
    },
    "offset": {
      "x": -4.4753165,
      "y": -35.4
    },
    "pivot": {
      "x": 0.43860778,
      "y": 0.101565644
    }
  },
  "13": {
    "rect": {
      "x": 154.05763,
      "y": 13.07612,
      "w": 66.86625,
      "h": 88.84776
    },
    "offset": {
      "x": -7.490757,
      "y": -35.4
    },
    "pivot": {
      "x": 0.38797402,
      "y": 0.101565644
    }
  },
  "14": {
    "rect": {
      "x": 245.07613,
      "y": 13.07612,
      "w": 95.84776,
      "h": 88.84776
    },
    "offset": {
      "x": 6.99999,
      "y": -35.4
    },
    "pivot": {
      "x": 0.5730324,
      "y": 0.101565644
    }
  },
  "15": {
    "rect": {
      "x": 385.05133,
      "y": 10.07612,
      "w": 59.872566,
      "h": 102.84776
    },
    "offset": {
      "x": 5.012387,
      "y": -39.4
    },
    "pivot": {
      "x": 0.5837176,
      "y": 0.1169095
    }
  },
  "16": {
    "rect": {
      "x": 505.04962,
      "y": 10.07612,
      "w": 78.87425,
      "h": 114.84776
    },
    "offset": {
      "x": -4.486748,
      "y": -45.4
    },
    "pivot": {
      "x": 0.44311517,
      "y": 0.104694076
    }
  },
  "17": {
    "rect": {
      "x": 625.0496,
      "y": 10.07612,
      "w": 78.87425,
      "h": 114.84776
    },
    "offset": {
      "x": -4.486748,
      "y": -45.4
    },
    "pivot": {
      "x": 0.44311517,
      "y": 0.104694076
    }
  }
}